dataset,accuracy,loss
train,1.0,0.03677116706967354
test,0.28378379344940186,1.9925782680511475
