dataset,accuracy,loss
train,1.0,0.05586417391896248
test,0.2432432472705841,2.0007472038269043
