dataset,accuracy,loss
train,0.9991423487663269,0.04825618490576744
test,0.948586106300354,0.16333895921707153
