dataset,accuracy,loss
train,0.9990196228027344,0.04515865817666054
test,0.9602941274642944,0.18240448832511902
